[
{
    "id":1,
    "name":"fridge",
    "price":20000,
    "quantity":10
},
{
    "id":2,
    "name":"Television",
    "price":35000,
    "quantity":15

},
{
    "id":3,
    "name":"Cooler",
    "price":6000,
    "quantity":12

},
{
    "id":4,
    "name":"Mobile",
    "price":17000,
    "quantity":30

},
{
    "id":5,
    "name":"Washing Machine",
    "price":25000,
    "quantity":20

},
{
    "id":6,
    "name":"Induction",
    "price":2000,
    "quantity":50

}


]